Workbook

Sheet Timeline
A1: Timeline Pengerjaan - Web Absen SMPN 2 Soreang
A3: Tanggal mulai Minggu 1 (Kamis) | E3: 46317 | F3: <- ubah tanggal ini, semua Mulai & Deadline ikut berubah. Deadline tiap minggu = 7 hari setelah Mulai.
A4: Cara pakai: kerjakan sesuai urutan No. Dalam satu minggu keempat task saling independen (boleh paralel); task minggu berikutnya baru dimulai setelah Prasyarat selesai & ter-merge ke main. Isi Status & Link PR sendiri-sendiri.
A6: No | B6: Minggu | C6: Mulai | D6: Deadline | E6: PIC | F6: Fitur / Modul | G6: UI/UX (Frontend) | H6: Fungsi & Database (Backend) | I6: Prasyarat | J6: Nama Branch | K6: Status | L6: Flag | M6: Link PR | N6: Catatan
A7: T01 | B7: 1 | C7: =$E$3+7*(B7-1) -> 46317 | D7: =$E$3+7*B7 -> 46324 | E7: Fawwaz | F7: Master Kelas & Tahun Ajaran | G7: Halaman admin: daftar, tambah, ubah kelas; pilih tahun ajaran aktif; pilih wali kelas. | H7: CRUD tahun_ajaran & kelas; hanya 1 tahun ajaran aktif; kelas terikat tahun ajaran; wali_kelas_id ke users (guru). | I7: - | J7: feat/master-kelas | K7: Belum | L7: =IF(K7="Selesai","",IF(TODAY()>D7,"TERLAMBAT","")) | N7: Tabel tahun_ajaran ada di ERD tapi belum disebut di PRD - tambahkan ke PRD.
A8: T02 | B8: 1 | C8: =$E$3+7*(B8-1) -> 46317 | D8: =$E$3+7*B8 -> 46324 | E8: Dyo | F8: Master Mapel & Jam Pelajaran | G8: Halaman admin: daftar, tambah, ubah mapel; atur slot jam pelajaran (jam ke-, mulai, selesai). | H8: CRUD mapel (kode unik) & jam_pelajaran (jam_ke, mulai, selesai, kelompok_hari senin-kamis / jumat); validasi jam tidak tumpang tindih. | I8: - | J8: feat/master-mapel-jam | K8: Belum | L8: =IF(K8="Selesai","",IF(TODAY()>D8,"TERLAMBAT",""))
A9: T03 | B9: 1 | C9: =$E$3+7*(B9-1) -> 46317 | D9: =$E$3+7*B9 -> 46324 | E9: Keanu | F9: Landing Page & CMS Pengumuman | G9: Landing page publik (daftar + detail pengumuman); halaman admin input judul, deskripsi, gambar. | H9: CRUD pengumuman; upload gambar (validasi tipe & ukuran, simpan di storage); status draf/terbit; slug unik. | I9: - | J9: feat/landing-pengumuman | K9: Belum | L9: =IF(K9="Selesai","",IF(TODAY()>D9,"TERLAMBAT","")) | N9: Landing page dibuat enak dilihat karena jadi wajah sekolah.
A10: T04 | B10: 1 | C10: =$E$3+7*(B10-1) -> 46317 | D10: =$E$3+7*B10 -> 46324 | E10: Fahmi | F10: Manajemen Akun Lengkap & Kerangka Dashboard 4 Role | G10: Form buat/ubah akun (guru, guru_piket, kepsek); layout + sidebar tiap role (admin, guru, guru_piket, kepsek); redirect setelah login sesuai role. | H10: Validasi: no_wa wajib untuk guru_piket, jenis_pegawai wajib untuk guru; wajib_ganti_password saat dibuat; hapus akun = aktif=false; admin tidak bisa membuat admin baru; middleware role. | I10: - | J10: feat/akun-dashboard-role | K10: Belum | L10: =IF(K10="Selesai","",IF(TODAY()>D10,"TERLAMBAT","")) | N10: Sidebar dibuat dari 1 file config supaya tiap fitur cukup tambah 1 baris menu (hindari konflik merge). Lupa password belum dikerjakan sampai keputusan #4.
A11: T05 | B11: 2 | C11: =$E$3+7*(B11-1) -> 46324 | D11: =$E$3+7*B11 -> 46331 | E11: Fawwaz | F11: Jadwal Mengajar (Berversi) & Generate Sesi | G11: Admin: buat versi jadwal (draf), grid slot per hari/jam/kelas, pilih mapel + guru, tombol terbitkan dengan tanggal berlaku. | H11: jadwal_versi + jadwal_slot (unik versi, hari, jam, kelas); salin dari versi aktif; terbitkan = versi lama diarsip; generate sesi harian dari slot aktif. | I11: T01, T02, T04 | J11: feat/jadwal-mengajar | K11: Belum | L11: =IF(K11="Selesai","",IF(TODAY()>D11,"TERLAMBAT","")) | N11: HARI_LIBUR belum ada di PRD - sesi saat ini dibuat untuk hari kerja biasa.
A12: T06 | B12: 2 | C12: =$E$3+7*(B12-1) -> 46324 | D12: =$E$3+7*B12 -> 46331 | E12: Dyo | F12: Master Siswa | G12: Admin: daftar siswa dengan filter kelas, tambah/ubah siswa, nonaktifkan. | H12: CRUD siswa (NIS unik, kelas_id, no_hp_ortu, aktif); validasi format nomor HP ortu. | I12: T01 | J12: feat/master-siswa | K12: Belum | L12: =IF(K12="Selesai","",IF(TODAY()>D12,"TERLAMBAT","")) | N12: Data guru = akun guru dari T04, tidak perlu halaman terpisah.
A13: T07 | B13: 2 | C13: =$E$3+7*(B13-1) -> 46324 | D13: =$E$3+7*B13 -> 46331 | E13: Keanu | F13: Jadwal Guru Piket | G13: Admin: atur penugasan piket per hari (Senin-Sabtu) dan jumlah orang per hari. | H13: guru_piket unik (user_id, hari, tahun_ajaran_id); hanya user role guru_piket yang bisa ditugaskan. | I13: T01, T04 | J13: feat/jadwal-piket | K13: Belum | L13: =IF(K13="Selesai","",IF(TODAY()>D13,"TERLAMBAT",""))
A14: T08 | B14: 2 | C14: =$E$3+7*(B14-1) -> 46324 | D14: =$E$3+7*B14 -> 46331 | E14: Fahmi | F14: Absen Harian Pegawai (Live Camera) | G14: Halaman absen: buka kamera, ambil selfie, kirim. Tidak ada input file / galeri. | H14: Endpoint hanya menerima hasil capture kamera; simpan foto_path, waktu_ambil, ip, user_agent, sumber='live'; unik (user_id, tanggal); berlaku untuk guru, tenaga kependidikan, guru_piket (admin & kepsek dikecualikan). | I14: T04 | J14: feat/absen-harian | K14: Belum | L14: =IF(K14="Selesai","",IF(TODAY()>D14,"TERLAMBAT","")) | N14: PUTUSKAN dulu aturan jam masuk/terlambat (Keputusan PM #2) sebelum mulai.
A15: T09 | B15: 3 | C15: =$E$3+7*(B15-1) -> 46331 | D15: =$E$3+7*B15 -> 46338 | E15: Fawwaz | F15: Dashboard Kepsek - Monitoring Guru (Read-only) | G15: Dashboard kepsek: daftar absen harian guru hari ini, status semua sesi/kelas hari ini. | H15: Query read-only dari absen_harian & sesi; tidak ada endpoint tulis untuk role kepsek. | I15: T04, T05, T08 | J15: feat/monitoring-kepsek | K15: Belum | L15: =IF(K15="Selesai","",IF(TODAY()>D15,"TERLAMBAT","")) | N15: Batas monitoring admin vs kepsek = Keputusan PM #1, putuskan sebelum mulai.
A16: T10 | B16: 3 | C16: =$E$3+7*(B16-1) -> 46331 | D16: =$E$3+7*B16 -> 46338 | E16: Dyo | F16: Absen Siswa per Sesi (H/S/I/A) + Token Konfirmasi | G16: Guru: daftar sesi hari ini -> form absen per siswa (H/S/I/A) + catatan. | H16: absen_siswa unik (sesi_id, siswa_id); hanya guru terjadwal / pengganti yang boleh; saat S/I buat konfirmasi_token + token_berlaku_sampai (1 minggu) + status_konfirmasi='menunggu'. Pengiriman WA ada di T14. | I16: T05, T06 | J16: feat/absen-siswa | K16: Belum | L16: =IF(K16="Selesai","",IF(TODAY()>D16,"TERLAMBAT","")) | N16: Aturan token (per sesi atau per murid harian) = Keputusan PM #3, putuskan sebelum mulai.
A17: T11 | B17: 3 | C17: =$E$3+7*(B17-1) -> 46331 | D17: =$E$3+7*B17 -> 46338 | E17: Keanu | F17: Halaman Guru: Lihat Jadwal & Kontak Guru Piket | G17: Jadwal harian & mingguan (mapel, kelas, jam ke-); daftar guru piket hari ini dengan tombol 'Hubungi'. | H17: Query jadwal guru login dari versi aktif; piket hari ini dari guru_piket; tombol membuka https://wa.me/<no_wa>. | I17: T05, T07 | J17: feat/jadwal-guru-kontak-piket | K17: Belum | L17: =IF(K17="Selesai","",IF(TODAY()>D17,"TERLAMBAT",""))
A18: T12 | B18: 3 | C18: =$E$3+7*(B18-1) -> 46331 | D18: =$E$3+7*B18 -> 46338 | E18: Fahmi | F18: Kode Pengganti & Dashboard Guru Piket | G18: Guru: tombol generate kode di sesinya + status 'sudah digantikan' (polling). Piket: semua kelas tampil terkunci, input kode -> sesi terbuka. | H18: kode_pengganti 6 digit numerik; hanya guru pemilik sesi; berlaku sampai jam sesi selesai; sekali pakai; hanya untuk sesi itu; batasi percobaan input; isi sesi.guru_pengganti_id. | I18: T05, T07 | J18: feat/kode-pengganti-piket | K18: Belum | L18: =IF(K18="Selesai","",IF(TODAY()>D18,"TERLAMBAT","")) | N18: Form absen siswa oleh piket disambungkan di T16.
A19: T13 | B19: 4 | C19: =$E$3+7*(B19-1) -> 46338 | D19: =$E$3+7*B19 -> 46345 | E19: Fawwaz | F19: Konfirmasi Orang Tua (Link Token Publik) | G19: Halaman publik tanpa login /konfirmasi/{token}: orang tua upload bukti sakit/izin. | H19: Validasi token: berlaku 1 minggu, sekali pakai; setelah kadaluarsa link mati tapi status absen tetap; update status_konfirmasi & bukti_path; rate limit route publik. | I19: T10 | J19: feat/konfirmasi-ortu | K19: Belum | L19: =IF(K19="Selesai","",IF(TODAY()>D19,"TERLAMBAT","")) | N19: Format URL /konfirmasi/{token} dipakai juga oleh pesan WA di T14.
A20: T14 | B20: 4 | C20: =$E$3+7*(B20-1) -> 46338 | D20: =$E$3+7*B20 -> 46345 | E20: Dyo | F20: Notifikasi WhatsApp (fonnte) | G20: Tidak ada halaman baru (log tersimpan di database). | H20: Interface provider (fonnte); antrean + delay acak + rate limit; blast real-time saat A/S/I ditandai; dedupe 1x per murid per hari; S/I memuat link konfirmasi; catat semua ke notifikasi_wa. | I20: T10 | J20: feat/notifikasi-wa | K20: Belum | L20: =IF(K20="Selesai","",IF(TODAY()>D20,"TERLAMBAT","")) | N20: Token fonnte di .env, jangan di-commit. Paket gratis 1.000 pesan/bulan - hemat kuota saat testing.
A21: T15 | B21: 4 | C21: =$E$3+7*(B21-1) -> 46338 | D21: =$E$3+7*B21 -> 46345 | E21: Keanu | F21: Rekap Absensi Siswa per Kelas (Admin & Kepsek) | G21: Tabel rekap per kelas & rentang tanggal (jumlah H/S/I/A per siswa) dengan filter. | H21: Query agregat absen_siswa; admin dan kepsek hanya baca; tampilkan juga di dashboard kepsek. | I21: T09, T10 | J21: feat/rekap-absensi-siswa | K21: Belum | L21: =IF(K21="Selesai","",IF(TODAY()>D21,"TERLAMBAT","")) | N21: Batas tampilan admin vs kepsek mengikuti Keputusan PM #1.
A22: T16 | B22: 4 | C22: =$E$3+7*(B22-1) -> 46338 | D22: =$E$3+7*B22 -> 46345 | E22: Fahmi | F22: Integrasi, QA & Seeder Demo | G22: Sambungkan sesi terbuka (T12) ke form absen siswa (T10) sebagai guru pengganti; cek tampilan semua role di HP & laptop. | H22: Tes alur end-to-end semua role; seeder data demo; perbaikan bug lintas modul; update bagian Progress di AGENTS.md. | I22: T10, T12 | J22: chore/integrasi-qa | K22: Belum | L22: =IF(K22="Selesai","",IF(TODAY()>D22,"TERLAMBAT","")) | N22: Bug dari tes pakai branch fix/<modul>-<masalah>. Jangan sentuh Jenkinsfile.

Sheet Ringkasan
A1: Ringkasan Progres
A3: PIC | B3: Total Task | C3: Selesai | D3: Review | E3: Proses | F3: Belum | G3: % Selesai | H3: Terlambat
A4: Fawwaz | B4: =COUNTIF(Timeline!$E$7:$E$22,A4) -> 4 | C4: =COUNTIFS(Timeline!$E$7:$E$22,$A4,Timeline!$K$7:$K$22,"Selesai") -> 0 | D4: =COUNTIFS(Timeline!$E$7:$E$22,$A4,Timeline!$K$7:$K$22,"Review") -> 0 | E4: =COUNTIFS(Timeline!$E$7:$E$22,$A4,Timeline!$K$7:$K$22,"Proses") -> 0 | F4: =COUNTIFS(Timeline!$E$7:$E$22,$A4,Timeline!$K$7:$K$22,"Belum") -> 4 | G4: =IF(B4=0,0,C4/B4) -> 0 | H4: =COUNTIFS(Timeline!$E$7:$E$22,$A4,Timeline!$L$7:$L$22,"TERLAMBAT") -> 0
A5: Dyo | B5: =COUNTIF(Timeline!$E$7:$E$22,A5) -> 4 | C5: =COUNTIFS(Timeline!$E$7:$E$22,$A5,Timeline!$K$7:$K$22,"Selesai") -> 0 | D5: =COUNTIFS(Timeline!$E$7:$E$22,$A5,Timeline!$K$7:$K$22,"Review") -> 0 | E5: =COUNTIFS(Timeline!$E$7:$E$22,$A5,Timeline!$K$7:$K$22,"Proses") -> 0 | F5: =COUNTIFS(Timeline!$E$7:$E$22,$A5,Timeline!$K$7:$K$22,"Belum") -> 4 | G5: =IF(B5=0,0,C5/B5) -> 0 | H5: =COUNTIFS(Timeline!$E$7:$E$22,$A5,Timeline!$L$7:$L$22,"TERLAMBAT") -> 0
A6: Keanu | B6: =COUNTIF(Timeline!$E$7:$E$22,A6) -> 4 | C6: =COUNTIFS(Timeline!$E$7:$E$22,$A6,Timeline!$K$7:$K$22,"Selesai") -> 0 | D6: =COUNTIFS(Timeline!$E$7:$E$22,$A6,Timeline!$K$7:$K$22,"Review") -> 0 | E6: =COUNTIFS(Timeline!$E$7:$E$22,$A6,Timeline!$K$7:$K$22,"Proses") -> 0 | F6: =COUNTIFS(Timeline!$E$7:$E$22,$A6,Timeline!$K$7:$K$22,"Belum") -> 4 | G6: =IF(B6=0,0,C6/B6) -> 0 | H6: =COUNTIFS(Timeline!$E$7:$E$22,$A6,Timeline!$L$7:$L$22,"TERLAMBAT") -> 0
A7: Fahmi | B7: =COUNTIF(Timeline!$E$7:$E$22,A7) -> 4 | C7: =COUNTIFS(Timeline!$E$7:$E$22,$A7,Timeline!$K$7:$K$22,"Selesai") -> 0 | D7: =COUNTIFS(Timeline!$E$7:$E$22,$A7,Timeline!$K$7:$K$22,"Review") -> 0 | E7: =COUNTIFS(Timeline!$E$7:$E$22,$A7,Timeline!$K$7:$K$22,"Proses") -> 0 | F7: =COUNTIFS(Timeline!$E$7:$E$22,$A7,Timeline!$K$7:$K$22,"Belum") -> 4 | G7: =IF(B7=0,0,C7/B7) -> 0 | H7: =COUNTIFS(Timeline!$E$7:$E$22,$A7,Timeline!$L$7:$L$22,"TERLAMBAT") -> 0
A8: Total | B8: =SUM(B4:B7) -> 16 | C8: =SUM(C4:C7) -> 0 | D8: =SUM(D4:D7) -> 0 | E8: =SUM(E4:E7) -> 0 | F8: =SUM(F4:F7) -> 16 | G8: =IF(B8=0,0,C8/B8) -> 0 | H8: =SUM(H4:H7) -> 0
A11: Minggu | B11: Total Task | C11: Selesai | D11: Review | E11: Proses | F11: Belum | G11: % Selesai | H11: Terlambat
A12: 1 | B12: =COUNTIF(Timeline!$B$7:$B$22,A12) -> 4 | C12: =COUNTIFS(Timeline!$B$7:$B$22,$A12,Timeline!$K$7:$K$22,"Selesai") -> 0 | D12: =COUNTIFS(Timeline!$B$7:$B$22,$A12,Timeline!$K$7:$K$22,"Review") -> 0 | E12: =COUNTIFS(Timeline!$B$7:$B$22,$A12,Timeline!$K$7:$K$22,"Proses") -> 0 | F12: =COUNTIFS(Timeline!$B$7:$B$22,$A12,Timeline!$K$7:$K$22,"Belum") -> 4 | G12: =IF(B12=0,0,C12/B12) -> 0 | H12: =COUNTIFS(Timeline!$B$7:$B$22,$A12,Timeline!$L$7:$L$22,"TERLAMBAT") -> 0
A13: 2 | B13: =COUNTIF(Timeline!$B$7:$B$22,A13) -> 4 | C13: =COUNTIFS(Timeline!$B$7:$B$22,$A13,Timeline!$K$7:$K$22,"Selesai") -> 0 | D13: =COUNTIFS(Timeline!$B$7:$B$22,$A13,Timeline!$K$7:$K$22,"Review") -> 0 | E13: =COUNTIFS(Timeline!$B$7:$B$22,$A13,Timeline!$K$7:$K$22,"Proses") -> 0 | F13: =COUNTIFS(Timeline!$B$7:$B$22,$A13,Timeline!$K$7:$K$22,"Belum") -> 4 | G13: =IF(B13=0,0,C13/B13) -> 0 | H13: =COUNTIFS(Timeline!$B$7:$B$22,$A13,Timeline!$L$7:$L$22,"TERLAMBAT") -> 0
A14: 3 | B14: =COUNTIF(Timeline!$B$7:$B$22,A14) -> 4 | C14: =COUNTIFS(Timeline!$B$7:$B$22,$A14,Timeline!$K$7:$K$22,"Selesai") -> 0 | D14: =COUNTIFS(Timeline!$B$7:$B$22,$A14,Timeline!$K$7:$K$22,"Review") -> 0 | E14: =COUNTIFS(Timeline!$B$7:$B$22,$A14,Timeline!$K$7:$K$22,"Proses") -> 0 | F14: =COUNTIFS(Timeline!$B$7:$B$22,$A14,Timeline!$K$7:$K$22,"Belum") -> 4 | G14: =IF(B14=0,0,C14/B14) -> 0 | H14: =COUNTIFS(Timeline!$B$7:$B$22,$A14,Timeline!$L$7:$L$22,"TERLAMBAT") -> 0
A15: 4 | B15: =COUNTIF(Timeline!$B$7:$B$22,A15) -> 4 | C15: =COUNTIFS(Timeline!$B$7:$B$22,$A15,Timeline!$K$7:$K$22,"Selesai") -> 0 | D15: =COUNTIFS(Timeline!$B$7:$B$22,$A15,Timeline!$K$7:$K$22,"Review") -> 0 | E15: =COUNTIFS(Timeline!$B$7:$B$22,$A15,Timeline!$K$7:$K$22,"Proses") -> 0 | F15: =COUNTIFS(Timeline!$B$7:$B$22,$A15,Timeline!$K$7:$K$22,"Belum") -> 4 | G15: =IF(B15=0,0,C15/B15) -> 0 | H15: =COUNTIFS(Timeline!$B$7:$B$22,$A15,Timeline!$L$7:$L$22,"TERLAMBAT") -> 0
A18: Angka di sini otomatis dari kolom Status & Flag di sheet Timeline.

Sheet Keputusan PM
A1: Keputusan yang Harus Diambil PM Sebelum Task Dikerjakan
A3: No | B3: Hal yang belum diputuskan | C3: Menghambat task | D3: Putuskan sebelum | E3: Usulan (dari PRD / review) | F3: Keputusan PM (isi di sini) | G3: Status
A4: 1 | B4: Aturan jam absen harian (tepat waktu / terlambat, jam pulang) - PRD Bagian 10 poin 2 | C4: T08 | D4: Awal Minggu 2 | E4: Satu absen masuk per hari; admin atur jam masuk + toleransi (mis. 07:00 + 15 menit). Jam pulang belum ada di v1. | G4: Belum
A5: 2 | B5: Batasan monitoring admin vs kepsek - PRD Bagian 10 poin 1 | C5: T09, T15 | D5: Awal Minggu 3 | E5: Kepsek = monitoring menyeluruh; admin = operasional saja (data master, jadwal, rekap siswa per kelas, daftar absen hari ini). | G5: Belum
A6: 3 | B6: Token konfirmasi: per sesi atau per murid per hari - PRD Bagian 10 poin 3 | C6: T10, T13, T14 | D6: Awal Minggu 3 | E6: 1 token per (murid, tanggal), dipakai ulang bila murid S/I lagi hari itu. ERD saat ini menaruh token di absen_siswa (per sesi) - perlu disamakan. | G6: Belum
A7: 4 | B7: Reset password akun tanpa email - PRD Bagian 10 poin 4 | C7: T04 | D7: Awal Minggu 1 | E7: Putuskan: email wajib diisi, atau admin reset manual. Fitur lupa password belum dijadwalkan. | G7: Belum
A8: 5 | B8: Username & email unik vs 1 orang boleh punya 2 akun (guru + admin) | C8: T04 | D8: Awal Minggu 1 | E8: Akun admin pakai username non-NIP (mis. admin.nama) dan email dikosongkan / berbeda. | G8: Belum
A9: 6 | B9: Paket fonnte untuk produksi - PRD Bagian 10 poin 5 | C9: T14 | D9: Sebelum go-live | E9: Cek di dashboard fonnte; development memakai paket gratis 1.000 pesan/bulan. | G9: Belum
A10: 7 | B10: ABSEN_GURU di ERD (selfie per sesi + diverifikasi_oleh) - belum ada di PRD | C10: Belum dijadwalkan | D10: Sebelum Minggu 3 | E10: Putuskan apakah guru harus selfie tiap sesi atau cukup absen harian; siapa yang memverifikasi. | G10: Belum
A11: 8 | B11: Tabel HARI_LIBUR dan AUDIT_LOG di ERD - belum ada di PRD | C11: Belum dijadwalkan | D11: Sebelum Minggu 2 | E11: Tambahkan ke PRD bila dipakai, atau abaikan di v1. | G11: Belum

Sheet Panduan Branch
A1: Panduan Branch & Git Tim
A3: Topik | B3: Aturan
A4: Format branch | B4: feat/<modul> untuk fitur, fix/<modul>-<masalah> untuk perbaikan bug, chore/<hal> untuk non-fitur. Huruf kecil, pakai tanda hubung. Nama branch tiap task ada di kolom Nama Branch sheet Timeline.
A5: 1 task = 1 branch | B5: Satu orang memegang satu modul penuh (UI/UX + fungsi + database). Jangan campur dua modul dalam satu branch.
A6: Mulai kerja | B6: git checkout main -> git pull -> git checkout -b feat/<modul>. Pastikan semua Prasyarat di Timeline sudah ter-merge ke main sebelum mulai.
A7: Selama kerja | B7: Commit kecil dan sering: feat:, fix:, chore:. Rebase/merge main secara rutin supaya konflik tidak menumpuk.
A8: Selesai | B8: Push branch, buka Pull Request ke main, isi Link PR di Timeline, ubah Status jadi Review. PR wajib 1 review. Merge hanya setelah di-approve, lalu ubah Status jadi Selesai.
A9: Migrasi database | B9: Hanya lewat migrasi baru, jangan edit migrasi lama, jangan drop tanpa persetujuan PM. Alur: update mermaid.mmd -> migrasi baru -> migrate -> sesuaikan kode -> lapor PM. Pull main dulu sebelum membuat migrasi dan kabari tim bila ada perubahan skema.
A10: Titik rawan konflik | B10: routes/web.php, config sidebar, DatabaseSeeder. Tambah baris di bagian sendiri dan jangan merapikan/mengubah baris milik orang lain.
A11: Jenkins / CI | B11: Jangan ubah Jenkinsfile atau setup deployment. Jika perlu, tanya PM.
A12: Pakai AI | B12: Awali setiap sesi dengan: 'Baca AGENTS.md dan docs/PRD.md dulu. Kerjakan hanya task <Txx - nama modul>, jangan di luar itu.' Minta AI melaporkan apa yang dibuat/diubah, lalu catat.
A13: Hal yang belum diputuskan | B13: Cek sheet Keputusan PM. Jika task kamu terkait poin yang belum diputuskan, berhenti dan tanya PM, jangan menebak.
